{"cameraMode":{"drawMode":0,"name":"Shaded","section":"Shading Mode"},"sceneLighting":false,"audioPlay":false,"sceneViewState":{"m_AlwaysRefresh":false,"showFog":true,"showSkybox":false,"showFlares":true,"showImageEffects":true,"showParticleSystems":true,"showVisualEffectGraphs":true,"m_FxEnabled":true},"in2DMode":false,"pivot":{"x":0.9581085443496704,"y":1.0969585180282593,"z":-0.0295487642288208},"rotation":{"x":0.14143502712249757,"y":0.22651958465576173,"z":-0.033266015350818637,"w":0.9631217122077942},"size":2.7634999752044679,"orthographic":false}